DATE,Day,Month,Year,Quarter,SERIES,OPEN,HIGH,LOW,PREV. CLOSE,LTP,CLOSE,VWAP,52W H,52W L,VOLUME,NO. OF  TRADES
27-Mar-26,Friday,March,2026,Q1,EQ,121.35,122.76,119.65,123.49,121.30,121.44,121.78,158.00,69.71,16040481.00,59399.00
25-Mar-26,Wednesday,March,2026,Q1,EQ,122.55,124.98,122.55,119.57,123.50,123.49,123.70,158.00,69.71,11582422.00,41013.00
24-Mar-26,Tuesday,March,2026,Q1,EQ,115.18,120.33,115.02,113.49,119.90,119.57,118.27,158.00,69.71,22619704.00,72749.00
23-Mar-26,Monday,March,2026,Q1,EQ,120.66,120.66,110.64,125.18,114.01,113.49,114.94,158.00,69.71,37141643.00,170083.00
20-Mar-26,Friday,March,2026,Q1,EQ,127.73,127.73,124.20,125.14,125.48,125.18,125.68,158.00,69.71,11959683.00,52046.00
19-Mar-26,Thursday,March,2026,Q1,EQ,128.93,130.23,124.50,132.24,125.40,125.14,126.68,158.00,69.71,16904923.00,82091.00
18-Mar-26,Wednesday,March,2026,Q1,EQ,133.94,133.94,131.59,132.57,132.20,132.24,132.03,158.00,69.71,6372568.00,31113.00
17-Mar-26,Tuesday,March,2026,Q1,EQ,131.39,134.50,131.39,131.33,132.60,132.57,132.85,158.00,69.71,6375084.00,30032.00
16-Mar-26,Monday,March,2026,Q1,EQ,134.45,134.45,130.98,134.81,131.35,131.33,132.00,158.00,69.71,11938612.00,66547.00
13-Mar-26,Friday,March,2026,Q1,EQ,135.03,136.24,134.33,137.07,134.85,134.81,135.07,158.00,69.71,6875564.00,36214.00
12-Mar-26,Thursday,March,2026,Q1,EQ,139.50,139.50,135.13,137.45,137.14,137.07,136.87,158.00,69.71,4700485.00,30026.00
11-Mar-26,Wednesday,March,2026,Q1,EQ,139.68,139.68,136.92,137.02,137.40,137.45,137.35,158.00,69.71,6503849.00,29655.00
10-Mar-26,Tuesday,March,2026,Q1,EQ,134.75,138.73,134.75,136.09,136.87,137.02,136.84,158.00,69.71,9726609.00,36140.00
9-Mar-26,Monday,March,2026,Q1,EQ,135.26,137.11,134.44,135.26,135.78,136.09,135.67,158.00,69.71,11274662.00,59739.00
6-Mar-26,Friday,March,2026,Q1,EQ,137.00,137.00,135.00,136.94,135.33,135.26,136.01,158.00,69.71,13543465.00,42536.00
5-Mar-26,Thursday,March,2026,Q1,EQ,138.83,138.83,136.00,138.30,137.00,136.94,137.06,158.00,69.71,8902266.00,44922.00
4-Mar-26,Wednesday,March,2026,Q1,EQ,142.44,142.44,136.00,143.55,138.40,138.30,138.22,158.00,69.71,20143773.00,92478.00
2-Mar-26,Monday,March,2026,Q1,EQ,138.88,147.36,138.88,136.29,143.60,143.55,143.30,158.00,69.71,29602505.00,125093.00
27-Feb-26,Friday,February,2026,Q1,EQ,132.30,136.44,132.30,135.01,136.34,136.29,136.10,158.00,69.71,6390726.00,28652.00
26-Feb-26,Thursday,February,2026,Q1,EQ,139.77,139.89,134.51,136.37,135.14,135.01,135.56,158.00,69.71,4795718.00,29908.00
25-Feb-26,Wednesday,February,2026,Q1,EQ,139.10,140.00,135.59,135.71,136.35,136.37,136.23,158.00,69.71,7867258.00,31222.00
24-Feb-26,Tuesday,February,2026,Q1,EQ,136.45,136.46,135.00,134.72,135.86,135.71,135.57,158.00,69.71,8819255.00,33056.00
23-Feb-26,Monday,February,2026,Q1,EQ,135.46,137.16,129.37,132.16,134.79,134.72,134.69,158.00,69.71,9791936.00,51903.00
20-Feb-26,Friday,February,2026,Q1,EQ,134.77,134.77,130.01,131.49,132.01,132.16,131.60,158.00,69.71,5338761.00,26942.00
19-Feb-26,Thursday,February,2026,Q1,EQ,131.00,132.49,129.86,129.00,131.57,131.49,131.67,158.00,69.71,8213255.00,33559.00
18-Feb-26,Wednesday,February,2026,Q1,EQ,128.14,129.71,128.14,128.89,129.01,129.00,129.28,158.00,69.71,9613306.00,32396.00
17-Feb-26,Tuesday,February,2026,Q1,EQ,130.75,130.75,127.51,131.63,129.12,128.89,128.97,158.00,69.71,10152345.00,52993.00
16-Feb-26,Monday,February,2026,Q1,EQ,130.48,133.88,130.20,130.62,131.40,131.63,131.21,158.00,69.71,13968616.00,49736.00
13-Feb-26,Friday,February,2026,Q1,EQ,129.33,130.98,128.80,133.31,130.60,130.62,130.47,158.00,69.71,9802098.00,51836.00
12-Feb-26,Thursday,February,2026,Q1,EQ,133.95,133.95,132.52,133.52,133.10,133.31,133.13,158.00,69.71,6775142.00,35655.00
11-Feb-26,Wednesday,February,2026,Q1,EQ,136.28,136.28,132.70,132.96,133.40,133.52,133.21,158.00,69.71,8951325.00,37700.00
10-Feb-26,Tuesday,February,2026,Q1,EQ,135.57,135.57,131.71,132.27,132.99,132.96,132.57,158.00,69.71,9056252.00,46437.00
9-Feb-26,Monday,February,2026,Q1,EQ,133.91,135.31,131.82,130.01,132.30,132.27,132.51,158.00,69.71,14802198.00,64016.00
6-Feb-26,Friday,February,2026,Q1,EQ,135.04,135.04,127.50,131.75,129.50,130.01,129.12,158.00,69.71,16690821.00,64999.00
5-Feb-26,Thursday,February,2026,Q1,EQ,137.00,137.00,127.40,134.77,132.74,131.75,130.11,158.00,69.71,25982081.00,92860.00
4-Feb-26,Wednesday,February,2026,Q1,EQ,134.76,136.44,132.89,129.96,134.67,134.77,134.83,158.00,69.71,27812875.00,74503.00
3-Feb-26,Tuesday,February,2026,Q1,EQ,130.00,131.26,126.00,124.24,129.60,129.96,129.03,158.00,69.71,27460185.00,90495.00
2-Feb-26,Monday,February,2026,Q1,EQ,132.82,132.82,118.00,129.59,123.87,124.24,121.40,158.00,69.71,39047100.00,184561.00
1-Feb-26,Sunday,February,2026,Q1,EQ,128.83,130.39,119.56,139.62,129.00,129.59,125.40,158.00,68.99,41841359.00,201481.00
30-Jan-26,Friday,January,2026,Q1,EQ,147.39,149.99,138.00,153.33,138.80,139.62,142.53,158.00,68.99,57758544.00,207924.00
29-Jan-26,Thursday,January,2026,Q1,EQ,147.36,158.00,147.36,141.27,156.00,153.33,151.26,158.00,68.99,46109443.00,134219.00
28-Jan-26,Wednesday,January,2026,Q1,EQ,140.00,141.95,137.67,136.32,141.55,141.27,140.53,141.95,68.99,27649095.00,68396.00
27-Jan-26,Tuesday,January,2026,Q1,EQ,136.40,138.99,135.10,132.42,137.00,136.32,136.02,139.00,68.99,25304248.00,82130.00
23-Jan-26,Friday,January,2026,Q1,EQ,133.51,137.35,131.31,128.86,132.54,132.42,133.11,139.00,67.89,22159198.00,56449.00
22-Jan-26,Thursday,January,2026,Q1,EQ,136.64,136.64,121.77,137.27,128.90,128.86,128.91,139.00,67.89,32970802.00,114018.00
21-Jan-26,Wednesday,January,2026,Q1,EQ,132.32,139.00,130.91,128.47,137.75,137.27,137.36,139.00,67.89,52276383.00,99998.00
20-Jan-26,Tuesday,January,2026,Q1,EQ,127.98,130.90,124.62,124.86,128.20,128.47,127.87,130.90,67.89,27143797.00,55868.00
19-Jan-26,Monday,January,2026,Q1,EQ,124.69,125.50,122.66,121.93,125.22,124.86,124.22,125.50,67.89,17103157.00,50158.00
16-Jan-26,Friday,January,2026,Q1,EQ,112.39,122.38,112.39,122.28,122.38,121.93,121.63,124.50,67.39,13912585.00,61982.00
14-Jan-26,Wednesday,January,2026,Q1,EQ,120.68,123.70,120.68,120.68,122.39,122.28,122.01,124.50,67.39,15451498.00,29091.00
13-Jan-26,Tuesday,January,2026,Q1,EQ,121.28,121.53,120.13,121.11,120.51,120.68,120.79,124.50,67.39,11824930.00,33668.00
12-Jan-26,Monday,January,2026,Q1,EQ,114.63,124.50,114.63,117.57,121.60,121.11,120.43,124.50,67.39,14645834.00,52126.00
9-Jan-26,Friday,January,2026,Q1,EQ,117.26,117.71,116.44,116.24,117.35,117.57,117.36,120.85,66.21,5806988.00,23915.00
8-Jan-26,Thursday,January,2026,Q1,EQ,116.83,116.93,115.00,117.04,116.09,116.24,116.01,120.85,66.21,9736567.00,34329.00
7-Jan-26,Wednesday,January,2026,Q1,EQ,118.09,118.09,115.17,117.21,116.95,117.04,117.00,120.85,66.21,6870803.00,30914.00
6-Jan-26,Tuesday,January,2026,Q1,EQ,117.72,120.00,116.00,116.93,117.15,117.21,117.35,120.85,66.21,11428571.00,33108.00
5-Jan-26,Monday,January,2026,Q1,EQ,112.84,117.30,112.84,115.74,116.90,116.93,116.63,120.85,66.21,9478281.00,47286.00
2-Jan-26,Friday,January,2026,Q1,EQ,115.72,115.90,114.71,114.48,115.60,115.74,115.38,120.85,65.61,7001335.00,28460.00
1-Jan-26,Thursday,January,2026,Q1,EQ,114.29,114.62,113.31,114.29,114.50,114.48,114.35,120.85,65.61,5614684.00,29188.00
31-Dec-25,Wednesday,December,2025,Q4,EQ,114.32,115.78,113.90,114.84,114.50,114.29,114.44,120.85,65.61,19801191.00,43191.00
30-Dec-25,Tuesday,December,2025,Q4,EQ,114.41,116.35,114.00,117.35,114.87,114.84,114.82,120.85,65.61,10548171.00,37742.00
29-Dec-25,Monday,December,2025,Q4,EQ,119.65,119.65,115.40,118.31,117.40,117.35,117.94,120.85,65.61,12557602.00,47307.00
26-Dec-25,Friday,December,2025,Q4,EQ,120.00,120.27,117.35,117.34,118.35,118.31,118.13,120.85,63.75,10479495.00,34155.00
24-Dec-25,Wednesday,December,2025,Q4,EQ,120.19,120.19,116.80,117.26,117.45,117.34,117.36,120.85,63.75,9779951.00,25460.00
23-Dec-25,Tuesday,December,2025,Q4,EQ,116.52,120.85,116.52,115.52,117.15,117.26,117.36,120.85,63.75,9843711.00,25536.00
22-Dec-25,Monday,December,2025,Q4,EQ,112.84,115.83,112.84,113.58,115.50,115.52,115.21,116.21,63.75,7776329.00,52483.00
19-Dec-25,Friday,December,2025,Q4,EQ,113.30,113.78,113.08,113.96,113.11,113.58,113.52,116.21,63.75,6045872.00,24409.00
18-Dec-25,Thursday,December,2025,Q4,EQ,114.47,114.49,113.69,113.87,113.90,113.96,113.94,116.21,63.75,13138964.00,20978.00
17-Dec-25,Wednesday,December,2025,Q4,EQ,116.05,116.05,113.06,113.22,113.71,113.87,113.87,116.21,63.75,11383005.00,21746.00
16-Dec-25,Tuesday,December,2025,Q4,EQ,113.37,113.80,112.97,114.67,113.25,113.22,113.35,116.21,63.75,5464214.00,24906.00
15-Dec-25,Monday,December,2025,Q4,EQ,116.21,116.21,113.40,113.38,114.60,114.67,114.44,116.21,63.75,14216512.00,37323.00
12-Dec-25,Friday,December,2025,Q4,EQ,113.28,113.52,111.86,110.85,113.50,113.38,112.73,114.00,63.75,5214336.00,20442.00
11-Dec-25,Thursday,December,2025,Q4,EQ,110.66,111.08,110.11,109.96,110.90,110.85,110.73,114.00,63.75,5784470.00,17487.00
10-Dec-25,Wednesday,December,2025,Q4,EQ,110.57,110.58,109.71,110.01,109.85,109.96,110.06,114.00,63.75,3413141.00,21452.00
9-Dec-25,Tuesday,December,2025,Q4,EQ,110.39,110.50,109.10,110.74,109.97,110.01,109.86,114.00,63.75,5536453.00,21777.00
8-Dec-25,Monday,December,2025,Q4,EQ,111.50,112.18,109.52,110.64,110.58,110.74,110.51,114.00,63.75,9657840.00,37096.00
5-Dec-25,Friday,December,2025,Q4,EQ,109.75,110.70,109.43,109.75,110.62,110.64,110.49,114.00,63.75,6448127.00,17047.00
4-Dec-25,Thursday,December,2025,Q4,EQ,110.93,110.93,109.36,110.11,110.00,109.75,109.79,114.00,63.75,4483143.00,19658.00
3-Dec-25,Wednesday,December,2025,Q4,EQ,110.02,110.87,108.57,109.24,110.10,110.11,110.19,114.00,63.75,5377752.00,20909.00
2-Dec-25,Tuesday,December,2025,Q4,EQ,110.40,110.40,109.06,110.56,109.48,109.24,109.89,114.00,63.75,3527100.00,24511.00
1-Dec-25,Monday,December,2025,Q4,EQ,109.32,111.09,109.32,108.09,110.50,110.56,110.19,114.00,63.75,4875117.00,45090.00
28-Nov-25,Friday,November,2025,Q4,EQ,108.24,108.46,107.87,107.67,108.32,108.09,108.23,114.00,63.75,3299724.00,14346.00
27-Nov-25,Thursday,November,2025,Q4,EQ,107.64,107.94,107.18,107.68,107.65,107.67,107.67,114.00,63.75,2104918.00,14882.00
26-Nov-25,Wednesday,November,2025,Q4,EQ,107.56,108.02,107.55,106.95,107.79,107.68,107.78,114.00,63.75,4547627.00,14978.00
25-Nov-25,Tuesday,November,2025,Q4,EQ,106.86,107.44,106.64,105.77,106.98,106.95,107.11,114.00,63.75,2337109.00,15785.00
24-Nov-25,Monday,November,2025,Q4,EQ,105.80,105.83,105.03,105.54,105.79,105.77,105.46,114.00,63.75,3179389.00,25230.00
21-Nov-25,Friday,November,2025,Q4,EQ,105.15,105.85,104.10,105.08,105.45,105.54,104.81,114.00,63.75,2963968.00,18729.00
20-Nov-25,Thursday,November,2025,Q4,EQ,105.40,105.43,104.41,105.62,105.10,105.08,105.08,114.00,63.75,3776311.00,16311.00
19-Nov-25,Wednesday,November,2025,Q4,EQ,105.44,105.99,104.62,104.16,105.98,105.62,105.45,114.00,63.75,2683161.00,15546.00
18-Nov-25,Tuesday,November,2025,Q4,EQ,104.37,104.40,103.33,105.41,104.34,104.16,103.86,114.00,63.75,4294778.00,23059.00
17-Nov-25,Monday,November,2025,Q4,EQ,104.07,105.87,104.07,107.29,105.45,105.41,105.21,114.00,63.75,6834243.00,37712.00
14-Nov-25,Friday,November,2025,Q4,EQ,108.70,108.70,106.90,109.00,107.39,107.29,107.68,114.00,63.51,4776589.00,55760.00
13-Nov-25,Thursday,November,2025,Q4,EQ,109.40,109.40,107.50,106.21,108.92,109.00,108.70,114.00,63.51,7620537.00,22370.00
12-Nov-25,Wednesday,November,2025,Q4,EQ,106.01,106.59,105.61,106.85,106.20,106.21,106.05,114.00,63.51,2845313.00,19147.00
11-Nov-25,Tuesday,November,2025,Q4,EQ,107.79,107.79,106.22,105.17,106.80,106.85,106.77,114.00,63.51,4006988.00,23771.00
10-Nov-25,Monday,November,2025,Q4,EQ,104.98,105.32,103.75,103.23,105.11,105.17,104.84,114.00,63.51,2798441.00,31158.00
7-Nov-25,Friday,November,2025,Q4,EQ,103.27,103.45,102.91,103.35,103.16,103.23,103.20,114.00,63.51,5095474.00,21163.00
6-Nov-25,Thursday,November,2025,Q4,EQ,102.89,103.64,102.58,102.89,103.30,103.35,103.23,114.00,63.51,7455561.00,29570.00
4-Nov-25,Tuesday,November,2025,Q4,EQ,102.12,103.28,102.12,103.18,102.95,102.89,102.85,114.00,63.51,4913007.00,21965.00
3-Nov-25,Monday,November,2025,Q4,EQ,103.83,104.03,103.00,103.34,103.33,103.18,103.61,114.00,63.51,5795161.00,37017.00
31-Oct-25,Friday,October,2025,Q4,EQ,102.36,104.15,102.36,102.76,103.36,103.34,103.61,114.00,63.51,4555788.00,21551.00
30-Oct-25,Thursday,October,2025,Q4,EQ,102.35,103.21,100.21,103.09,102.79,102.76,102.08,114.00,63.51,6943894.00,19214.00
29-Oct-25,Wednesday,October,2025,Q4,EQ,100.90,103.46,100.90,100.14,103.46,103.09,102.39,114.00,63.51,6456463.00,20997.00
28-Oct-25,Tuesday,October,2025,Q4,EQ,103.11,103.11,99.61,103.34,100.11,100.14,101.05,114.00,63.51,11362565.00,39113.00
27-Oct-25,Monday,October,2025,Q4,EQ,103.60,104.91,103.20,103.72,103.36,103.34,103.83,114.00,63.51,6176486.00,33931.00
24-Oct-25,Friday,October,2025,Q4,EQ,102.85,105.80,102.85,104.76,103.70,103.72,104.31,114.00,63.51,9090948.00,27568.00
23-Oct-25,Thursday,October,2025,Q4,EQ,106.53,106.53,95.53,109.17,104.85,104.76,103.45,114.00,63.51,15499131.00,60806.00
21-Oct-25,Tuesday,October,2025,Q4,EQ,110.93,114.00,108.23,108.23,109.04,109.17,109.44,114.00,63.51,4101716.00,22166.00
20-Oct-25,Monday,October,2025,Q4,EQ,110.40,110.83,107.23,111.83,108.78,108.23,108.44,112.65,63.51,15940422.00,56512.00
17-Oct-25,Friday,October,2025,Q4,EQ,111.37,112.65,110.77,108.82,111.99,111.83,111.95,112.65,63.51,13291036.00,30618.00
16-Oct-25,Thursday,October,2025,Q4,EQ,109.90,109.90,108.05,108.90,108.95,108.82,108.93,110.19,63.51,15296193.00,29343.00
15-Oct-25,Wednesday,October,2025,Q4,EQ,109.30,109.99,108.41,108.61,108.60,108.90,109.11,110.19,63.51,12980794.00,31739.00
14-Oct-25,Tuesday,October,2025,Q4,EQ,107.50,110.19,107.03,106.11,108.65,108.61,108.54,110.19,63.51,15204967.00,38722.00
13-Oct-25,Monday,October,2025,Q4,EQ,106.40,106.44,104.63,104.02,106.18,106.11,106.07,106.44,63.51,10934104.00,40316.00
10-Oct-25,Friday,October,2025,Q4,EQ,103.28,104.41,102.15,104.69,103.80,104.02,103.19,105.70,63.51,11899824.00,37900.00
9-Oct-25,Thursday,October,2025,Q4,EQ,105.25,105.60,104.52,105.25,104.79,104.69,105.03,105.70,63.51,16320774.00,34747.00
8-Oct-25,Wednesday,October,2025,Q4,EQ,103.51,105.70,103.51,103.11,105.70,105.25,104.94,105.70,63.51,14048968.00,28181.00
7-Oct-25,Tuesday,October,2025,Q4,EQ,102.31,104.30,102.31,102.46,102.90,103.11,103.00,104.30,63.51,11386483.00,30377.00
6-Oct-25,Monday,October,2025,Q4,EQ,102.30,102.63,98.80,99.88,102.40,102.46,102.25,102.63,63.51,11652684.00,35373.00
3-Oct-25,Friday,October,2025,Q4,EQ,99.30,101.93,99.30,101.33,100.13,99.88,100.11,102.50,63.51,15075058.00,41622.00
1-Oct-25,Wednesday,October,2025,Q4,EQ,100.38,102.37,100.00,99.57,101.10,101.33,100.92,102.50,63.51,9353732.00,25207.00
30-Sep-25,Tuesday,September,2025,Q3,EQ,100.06,101.55,98.73,99.66,99.99,99.57,100.16,102.50,63.51,14085878.00,33226.00
29-Sep-25,Monday,September,2025,Q3,EQ,97.96,99.89,97.96,97.38,99.20,99.66,99.31,102.50,63.51,15428355.00,34845.00
26-Sep-25,Friday,September,2025,Q3,EQ,97.65,97.65,96.48,97.59,97.36,97.38,97.31,102.50,63.51,6965155.00,18724.00
25-Sep-25,Thursday,September,2025,Q3,EQ,100.25,102.50,96.61,97.81,97.46,97.59,97.24,102.50,63.51,7627870.00,21972.00
24-Sep-25,Wednesday,September,2025,Q3,EQ,98.04,98.81,95.90,98.36,97.70,97.81,97.92,98.81,63.51,7559487.00,22954.00
23-Sep-25,Tuesday,September,2025,Q3,EQ,97.24,98.59,96.56,96.35,98.39,98.36,97.84,98.59,63.51,11249295.00,20030.00
22-Sep-25,Monday,September,2025,Q3,EQ,95.97,96.46,94.80,94.29,96.30,96.35,95.57,97.50,63.51,8531139.00,24058.00
19-Sep-25,Friday,September,2025,Q3,EQ,94.93,94.93,94.12,94.50,94.39,94.29,94.36,97.50,63.23,2886180.00,14909.00
18-Sep-25,Thursday,September,2025,Q3,EQ,96.77,96.77,93.70,94.41,94.45,94.50,94.25,97.50,63.23,4967563.00,23131.00
17-Sep-25,Wednesday,September,2025,Q3,EQ,97.50,97.50,93.22,95.62,94.26,94.41,94.51,97.50,63.23,7930512.00,29076.00
16-Sep-25,Tuesday,September,2025,Q3,EQ,92.10,96.19,91.62,93.97,95.70,95.62,95.38,96.64,63.23,8145250.00,15532.00
15-Sep-25,Monday,September,2025,Q3,EQ,96.64,96.64,93.89,94.29,94.00,93.97,94.17,96.64,63.23,5870251.00,27965.00
12-Sep-25,Friday,September,2025,Q3,EQ,94.61,95.11,93.63,93.63,94.25,94.29,94.31,95.88,61.84,5186315.00,14897.00
11-Sep-25,Thursday,September,2025,Q3,EQ,94.19,94.19,92.90,93.91,93.65,93.63,93.68,95.88,61.84,6109156.00,16812.00
10-Sep-25,Wednesday,September,2025,Q3,EQ,95.27,95.88,93.66,94.52,94.18,93.91,93.89,95.88,61.84,9537053.00,28139.00
9-Sep-25,Tuesday,September,2025,Q3,EQ,95.37,95.37,93.41,93.05,94.78,94.52,94.36,95.37,61.84,4478404.00,20384.00
8-Sep-25,Monday,September,2025,Q3,EQ,93.45,93.80,92.10,91.68,93.60,93.05,92.98,93.80,61.84,6181684.00,31707.00
5-Sep-25,Friday,September,2025,Q3,EQ,92.17,92.25,91.10,91.04,91.75,91.68,91.77,93.23,61.70,4324866.00,15154.00
4-Sep-25,Thursday,September,2025,Q3,EQ,93.23,93.23,90.30,90.96,91.05,91.04,90.91,93.23,61.70,3254736.00,14013.00
3-Sep-25,Wednesday,September,2025,Q3,EQ,91.35,91.35,90.56,89.59,90.92,90.96,90.90,91.97,61.70,4108526.00,13318.00
2-Sep-25,Tuesday,September,2025,Q3,EQ,91.97,91.97,89.22,89.73,89.60,89.59,89.77,91.97,61.70,2813418.00,16206.00
1-Sep-25,Monday,September,2025,Q3,EQ,89.18,90.19,88.67,88.17,89.66,89.73,89.84,90.19,61.70,3988996.00,25331.00
29-Aug-25,Friday,August,2025,Q3,EQ,89.40,89.41,87.30,87.22,88.10,88.17,87.93,89.41,61.70,4009539.00,11314.00
28-Aug-25,Thursday,August,2025,Q3,EQ,88.52,88.52,84.85,86.59,87.20,87.22,87.14,88.97,61.70,2133486.00,13563.00
26-Aug-25,Tuesday,August,2025,Q3,EQ,87.90,87.90,86.30,86.27,86.64,86.59,86.69,88.97,61.70,2035965.00,10269.00
25-Aug-25,Monday,August,2025,Q3,EQ,87.51,87.51,83.24,85.38,86.32,86.27,86.19,88.97,61.70,1683593.00,16518.00
22-Aug-25,Friday,August,2025,Q3,EQ,83.24,85.72,83.24,85.38,85.38,85.38,85.30,88.97,59.50,1395924.00,9763.00
21-Aug-25,Thursday,August,2025,Q3,EQ,86.45,86.45,84.77,84.77,85.42,85.38,85.24,88.97,59.50,1723846.00,11789.00
20-Aug-25,Wednesday,August,2025,Q3,EQ,82.87,85.29,82.87,85.00,84.73,84.77,84.74,88.97,59.50,2412585.00,10487.00
19-Aug-25,Tuesday,August,2025,Q3,EQ,84.90,87.72,84.90,85.59,85.05,85.00,85.14,88.97,59.50,3589111.00,13336.00
18-Aug-25,Monday,August,2025,Q3,EQ,85.95,85.95,85.50,85.95,85.55,85.59,85.71,88.97,59.50,2199262.00,23631.00
14-Aug-25,Thursday,August,2025,Q3,EQ,88.60,88.97,83.86,86.02,85.86,85.95,85.89,88.97,59.50,2135074.00,9868.00
13-Aug-25,Wednesday,August,2025,Q3,EQ,87.79,87.79,85.11,85.65,86.06,86.02,85.99,88.97,59.50,3584297.00,9401.00
12-Aug-25,Tuesday,August,2025,Q3,EQ,88.07,88.07,84.69,85.93,85.66,85.65,85.77,88.97,59.50,3008030.00,11572.00
11-Aug-25,Monday,August,2025,Q3,EQ,85.01,88.55,85.01,87.19,85.84,85.93,86.23,88.97,59.50,2432038.00,28447.00
8-Aug-25,Friday,August,2025,Q3,EQ,84.63,88.97,84.63,86.80,87.22,87.19,87.12,88.97,59.00,2714892.00,12723.00
7-Aug-25,Thursday,August,2025,Q3,EQ,88.90,88.90,86.01,86.31,86.60,86.80,86.78,88.90,59.00,2776793.00,13507.00
6-Aug-25,Wednesday,August,2025,Q3,EQ,87.63,87.63,86.06,86.38,86.19,86.31,86.37,88.51,59.00,3542342.00,11643.00
5-Aug-25,Tuesday,August,2025,Q3,EQ,87.81,87.81,86.11,86.04,86.36,86.38,86.47,88.51,59.00,2440808.00,11323.00
4-Aug-25,Monday,August,2025,Q3,EQ,86.68,87.11,85.40,84.57,85.95,86.04,85.94,88.51,59.00,1693497.00,19094.00
1-Aug-25,Friday,August,2025,Q3,EQ,85.08,85.08,82.73,84.86,84.63,84.57,84.47,88.51,59.00,2624487.00,12611.00
31-Jul-25,Thursday,July,2025,Q3,EQ,85.13,85.24,84.30,85.43,84.85,84.86,84.66,88.51,59.00,2126293.00,14240.00
30-Jul-25,Wednesday,July,2025,Q3,EQ,86.67,86.67,82.44,84.56,85.25,85.43,85.28,88.51,59.00,3004580.00,7070.00
29-Jul-25,Tuesday,July,2025,Q3,EQ,86.73,86.73,84.20,84.62,84.52,84.56,84.44,88.51,59.00,1557238.00,8552.00
28-Jul-25,Monday,July,2025,Q3,EQ,86.88,86.88,84.11,84.77,84.64,84.62,84.58,88.51,59.00,1357821.00,19827.00
25-Jul-25,Friday,July,2025,Q3,EQ,87.52,87.52,84.70,84.97,84.80,84.77,84.90,88.51,59.00,1452202.00,9897.00
24-Jul-25,Thursday,July,2025,Q3,EQ,86.63,86.63,84.80,86.67,84.95,84.97,85.16,88.51,59.00,2911548.00,16758.00
23-Jul-25,Wednesday,July,2025,Q3,EQ,87.70,88.14,86.00,85.57,86.64,86.67,86.41,88.51,59.00,1893755.00,10735.00
22-Jul-25,Tuesday,July,2025,Q3,EQ,85.78,85.78,82.69,84.82,85.56,85.57,85.49,88.51,59.00,1812674.00,11644.00
21-Jul-25,Monday,July,2025,Q3,EQ,85.38,85.38,83.00,84.49,84.87,84.82,84.76,88.51,59.00,1534883.00,15557.00
18-Jul-25,Friday,July,2025,Q3,EQ,85.88,85.88,82.08,83.79,84.51,84.49,84.27,88.51,59.00,1257142.00,8180.00
17-Jul-25,Thursday,July,2025,Q3,EQ,86.14,86.14,83.58,84.04,83.76,83.79,83.74,88.51,59.00,3498518.00,12782.00
16-Jul-25,Wednesday,July,2025,Q3,EQ,84.10,84.10,83.64,84.36,84.05,84.04,83.94,88.51,59.00,873968.00,9445.00
15-Jul-25,Tuesday,July,2025,Q3,EQ,86.81,86.81,84.11,84.70,84.39,84.36,84.34,88.51,59.00,1193721.00,10939.00
14-Jul-25,Monday,July,2025,Q3,EQ,84.08,84.74,84.08,83.67,84.72,84.70,84.56,88.51,59.00,1744126.00,17150.00
11-Jul-25,Friday,July,2025,Q3,EQ,84.20,84.20,83.56,83.45,83.75,83.67,83.71,88.51,59.00,2706834.00,11180.00
10-Jul-25,Thursday,July,2025,Q3,EQ,83.85,84.70,82.90,82.64,83.37,83.45,83.35,88.51,59.00,1607756.00,12265.00
9-Jul-25,Wednesday,July,2025,Q3,EQ,81.26,85.43,81.26,83.35,82.67,82.64,82.79,88.51,59.00,1115663.00,14879.00
8-Jul-25,Tuesday,July,2025,Q3,EQ,84.09,84.47,83.23,83.09,83.32,83.35,83.59,88.51,59.00,1441702.00,13400.00
7-Jul-25,Monday,July,2025,Q3,EQ,85.43,85.43,82.61,83.35,83.10,83.09,83.08,88.51,59.00,3460646.00,24373.00
4-Jul-25,Friday,July,2025,Q3,EQ,84.15,84.15,83.22,83.71,83.43,83.35,83.50,88.51,59.00,4379061.00,15046.00
3-Jul-25,Thursday,July,2025,Q3,EQ,85.91,85.91,83.55,83.82,83.65,83.71,83.87,88.51,59.00,1954469.00,10817.00
2-Jul-25,Wednesday,July,2025,Q3,EQ,85.74,85.74,82.95,83.65,83.73,83.82,83.73,88.51,59.00,1586326.00,10123.00
1-Jul-25,Tuesday,July,2025,Q3,EQ,83.02,83.97,83.02,82.61,83.67,83.65,83.51,88.51,59.00,1313683.00,14368.00
30-Jun-25,Monday,June,2025,Q2,EQ,82.33,84.38,82.08,82.33,82.67,82.61,82.52,88.51,59.00,3409023.00,20137.00
27-Jun-25,Friday,June,2025,Q2,EQ,83.34,83.34,81.73,83.83,82.40,82.33,82.55,88.51,59.00,3188393.00,18529.00
26-Jun-25,Thursday,June,2025,Q2,EQ,85.87,85.87,83.65,83.78,83.80,83.83,83.89,88.51,59.00,1574830.00,8916.00
25-Jun-25,Wednesday,June,2025,Q2,EQ,84.86,84.86,83.60,83.61,83.75,83.78,83.80,88.51,59.00,2049421.00,9392.00
24-Jun-25,Tuesday,June,2025,Q2,EQ,86.30,86.30,83.45,85.46,83.50,83.61,83.86,88.51,59.00,5371700.00,20152.00
23-Jun-25,Monday,June,2025,Q2,EQ,87.07,87.07,85.00,84.95,85.45,85.46,85.30,88.51,59.00,2363510.00,18421.00
20-Jun-25,Friday,June,2025,Q2,EQ,87.64,87.64,82.94,85.51,84.95,84.95,84.88,88.51,59.00,1741355.00,10447.00
19-Jun-25,Thursday,June,2025,Q2,EQ,87.63,87.63,83.36,85.50,85.47,85.51,85.19,88.51,59.00,5894168.00,14515.00
18-Jun-25,Wednesday,June,2025,Q2,EQ,84.50,85.93,84.50,85.24,85.54,85.50,85.52,88.51,59.00,1800116.00,9574.00
17-Jun-25,Tuesday,June,2025,Q2,EQ,88.02,88.02,84.91,85.88,85.28,85.24,85.17,88.51,59.00,2030816.00,15997.00
16-Jun-25,Monday,June,2025,Q2,EQ,83.89,88.51,83.89,86.05,85.69,85.88,85.89,88.51,59.00,6900360.00,19396.00
13-Jun-25,Friday,June,2025,Q2,EQ,85.50,87.90,85.50,84.08,85.93,86.05,85.91,87.91,59.00,3456279.00,11797.00
12-Jun-25,Thursday,June,2025,Q2,EQ,81.36,84.56,81.36,83.45,84.17,84.08,84.07,87.91,59.00,2171185.00,11254.00
11-Jun-25,Wednesday,June,2025,Q2,EQ,84.11,84.11,83.18,83.29,83.28,83.45,83.39,87.91,59.00,2678531.00,8444.00
10-Jun-25,Tuesday,June,2025,Q2,EQ,83.58,83.58,82.02,83.04,83.26,83.29,83.01,87.91,59.00,1667344.00,11317.00
9-Jun-25,Monday,June,2025,Q2,EQ,82.31,83.60,81.91,84.02,83.03,83.04,82.89,87.91,59.00,3410653.00,23940.00
6-Jun-25,Friday,June,2025,Q2,EQ,85.40,85.40,83.80,84.43,83.85,84.02,84.01,87.91,59.00,7011407.00,14882.00
5-Jun-25,Thursday,June,2025,Q2,EQ,85.96,85.96,83.91,83.87,84.33,84.43,84.25,87.91,59.00,3336293.00,9415.00
4-Jun-25,Wednesday,June,2025,Q2,EQ,85.80,85.80,81.61,83.71,83.88,83.87,83.84,87.91,59.00,3339448.00,10141.00
3-Jun-25,Tuesday,June,2025,Q2,EQ,85.20,85.20,83.18,83.13,83.68,83.71,83.63,87.91,59.00,3890956.00,11113.00
2-Jun-25,Monday,June,2025,Q2,EQ,83.17,83.35,82.22,82.26,83.22,83.13,82.82,87.91,59.00,1685928.00,23022.00
30-May-25,Friday,May,2025,Q2,EQ,82.63,82.63,81.67,81.67,82.15,82.26,82.18,87.91,59.00,1784182.00,6594.00
29-May-25,Thursday,May,2025,Q2,EQ,82.48,82.48,81.50,82.62,81.67,81.67,81.70,87.91,59.00,1284938.00,10563.00
28-May-25,Wednesday,May,2025,Q2,EQ,82.81,82.81,81.12,82.05,82.64,82.62,82.40,87.91,59.00,1189623.00,8430.00
27-May-25,Tuesday,May,2025,Q2,EQ,83.63,83.63,82.00,82.46,82.03,82.05,82.25,87.91,59.00,1851363.00,9479.00
26-May-25,Monday,May,2025,Q2,EQ,84.52,84.52,82.06,82.06,82.42,82.46,82.42,87.91,59.00,1369403.00,14749.00
23-May-25,Friday,May,2025,Q2,EQ,82.36,82.50,81.10,82.36,82.10,82.06,82.33,87.91,59.00,1608379.00,11025.00
22-May-25,Thursday,May,2025,Q2,EQ,82.30,83.25,82.27,82.15,82.27,82.36,82.57,87.91,59.00,999378.00,9815.00
21-May-25,Wednesday,May,2025,Q2,EQ,82.65,82.65,81.76,80.74,82.25,82.15,82.09,87.91,59.00,4121075.00,9860.00
20-May-25,Tuesday,May,2025,Q2,EQ,78.76,80.90,78.59,81.02,80.82,80.74,80.38,87.91,59.00,2925709.00,12099.00
19-May-25,Monday,May,2025,Q2,EQ,80.78,81.30,80.25,80.22,80.90,81.02,80.94,87.91,59.00,1822047.00,14572.00
16-May-25,Friday,May,2025,Q2,EQ,80.98,80.98,80.12,79.73,80.33,80.22,80.47,87.91,59.00,2080061.00,9888.00
15-May-25,Thursday,May,2025,Q2,EQ,78.75,80.22,78.75,81.19,79.52,79.73,79.40,87.91,59.00,6062081.00,23123.00
14-May-25,Wednesday,May,2025,Q2,EQ,84.07,84.07,80.81,81.62,81.22,81.19,81.12,87.91,59.00,3365875.00,11980.00
13-May-25,Tuesday,May,2025,Q2,EQ,83.35,83.35,80.41,80.92,81.60,81.62,81.25,87.91,59.00,2802485.00,13338.00
12-May-25,Monday,May,2025,Q2,EQ,82.76,82.76,80.50,83.60,80.90,80.92,81.59,87.91,59.00,3092720.00,28421.00
9-May-25,Friday,May,2025,Q2,EQ,83.63,83.91,82.62,83.62,83.55,83.60,83.48,87.91,59.00,2950650.00,11839.00
8-May-25,Thursday,May,2025,Q2,EQ,84.02,84.90,82.61,84.02,83.47,83.62,83.43,87.91,59.00,2296971.00,11470.00
7-May-25,Wednesday,May,2025,Q2,EQ,85.63,85.63,83.68,84.28,83.73,84.02,84.03,87.91,59.00,4387619.00,13043.00
6-May-25,Tuesday,May,2025,Q2,EQ,83.50,84.40,82.40,82.34,84.40,84.28,83.99,87.91,59.00,2549541.00,11189.00
5-May-25,Monday,May,2025,Q2,EQ,81.91,82.38,80.62,81.20,82.08,82.34,81.83,87.91,59.00,3328759.00,16345.00
2-May-25,Friday,May,2025,Q2,EQ,84.04,84.04,79.61,81.59,81.31,81.20,80.75,87.91,59.00,3662788.00,22381.00
30-Apr-25,Wednesday,April,2025,Q2,EQ,85.29,85.29,81.41,82.81,81.58,81.59,82.26,87.91,59.00,3333861.00,31836.00
29-Apr-25,Tuesday,April,2025,Q2,EQ,84.12,84.12,81.67,81.67,82.71,82.81,82.70,87.91,59.00,2489271.00,7416.00
28-Apr-25,Monday,April,2025,Q2,EQ,85.04,85.04,80.10,82.63,81.69,81.67,82.05,87.91,59.00,1238569.00,15656.00
25-Apr-25,Friday,April,2025,Q2,EQ,84.00,84.00,82.40,83.11,82.56,82.63,82.75,87.91,59.00,1868429.00,11998.00
24-Apr-25,Thursday,April,2025,Q2,EQ,83.45,83.45,82.64,82.99,83.06,83.11,83.10,87.91,59.00,5219832.00,9471.00
23-Apr-25,Wednesday,April,2025,Q2,EQ,87.91,87.91,82.30,85.35,82.70,82.99,82.73,87.91,59.00,7469223.00,22618.00
22-Apr-25,Tuesday,April,2025,Q2,EQ,84.02,86.10,84.01,83.64,85.40,85.35,85.51,86.10,59.00,7545324.00,16894.00
21-Apr-25,Monday,April,2025,Q2,EQ,84.50,84.50,82.55,82.04,83.66,83.64,83.37,84.50,59.00,4343574.00,24024.00
17-Apr-25,Thursday,April,2025,Q2,EQ,83.93,83.93,81.80,81.74,82.08,82.04,82.16,83.93,59.00,2600115.00,13017.00
16-Apr-25,Wednesday,April,2025,Q2,EQ,82.45,82.45,80.80,80.07,81.78,81.74,81.39,82.85,59.00,1809563.00,11326.00
15-Apr-25,Tuesday,April,2025,Q2,EQ,82.85,82.85,79.90,80.28,80.11,80.07,80.34,82.85,59.00,3940246.00,20230.00
11-Apr-25,Friday,April,2025,Q2,EQ,79.45,81.17,78.03,77.19,80.46,80.28,80.18,81.17,59.00,4559715.00,16885.00
9-Apr-25,Wednesday,April,2025,Q2,EQ,78.00,78.00,75.73,75.73,77.23,77.19,76.74,79.35,59.00,1022397.00,7974.00
8-Apr-25,Tuesday,April,2025,Q2,EQ,78.60,78.60,75.26,76.33,75.91,75.73,75.73,79.35,59.00,5821352.00,14985.00
7-Apr-25,Monday,April,2025,Q2,EQ,74.95,77.59,69.71,77.28,76.10,76.33,75.64,79.35,59.00,6465588.00,25504.00
4-Apr-25,Friday,April,2025,Q2,EQ,78.50,78.50,77.02,78.43,77.27,77.28,77.40,79.35,59.00,1769843.00,14286.00
3-Apr-25,Thursday,April,2025,Q2,EQ,78.99,79.35,78.20,78.58,78.20,78.43,78.64,79.35,59.00,4760807.00,14324.00
2-Apr-25,Wednesday,April,2025,Q2,EQ,79.33,79.33,78.00,78.72,78.67,78.58,78.45,79.33,59.00,1364205.00,13186.00
1-Apr-25,Tuesday,April,2025,Q2,EQ,78.00,78.80,76.66,76.54,78.70,78.72,78.57,78.80,59.00,3896161.00,18783.00
